{"cameraMode":{"drawMode":0,"name":"Shaded","section":"Shading Mode"},"sceneLighting":false,"audioPlay":false,"sceneViewState":{"showFog":true,"showMaterialUpdate":false,"showSkybox":false,"showFlares":true,"showImageEffects":true,"showParticleSystems":true},"in2DMode":false,"pivot":{"x":-4.53000020980835,"y":-9.742101669311524,"z":-6.370330810546875},"rotation":{"x":-0.24681802093982697,"y":0.38268640637397768,"z":-0.1068621352314949,"w":-0.8838723301887512},"size":9.687894821166993,"orthographic":false}