{"cameraMode":{"drawMode":0,"name":"Shaded","section":"Shading Mode"},"sceneLighting":false,"audioPlay":false,"sceneViewState":{"showFog":true,"showMaterialUpdate":false,"showSkybox":false,"showFlares":true,"showImageEffects":true,"showParticleSystems":true},"in2DMode":false,"pivot":{"x":-4.543900012969971,"y":-10.77400016784668,"z":-9.031900405883789},"rotation":{"x":-0.20940084755420686,"y":0.36011451482772829,"z":-0.08329398185014725,"w":-0.9052909016609192},"size":2.876873731613159,"orthographic":false}